rental_id,inventory_id,customer_id,staff_id,Mes_rental,Dia_rental,Hora_rental,Mes_return,Dia_return,Hora_return
1,367,130,1,05,24,22:53:30,05,26,22:04:30
2,1525,459,1,05,24,22:54:33,05,28,19:40:33
3,1711,408,1,05,24,23:03:39,06,01,22:12:39
4,2452,333,2,05,24,23:04:41,06,03,01:43:41
5,2079,222,1,05,24,23:05:21,06,02,04:33:21
6,2792,549,1,05,24,23:08:07,05,27,01:32:07
7,3995,269,2,05,24,23:11:53,05,29,20:34:53
8,2346,239,2,05,24,23:31:46,05,27,23:33:46
9,2580,126,1,05,25,00:00:40,05,28,00:22:40
10,1824,399,2,05,25,00:02:21,05,31,22:44:21
11,4443,142,2,05,25,00:09:02,06,02,20:56:02
12,1584,261,2,05,25,00:19:27,05,30,05:44:27
13,2294,334,1,05,25,00:22:55,05,30,04:28:55
14,2701,446,1,05,25,00:31:15,05,26,02:56:15
15,3049,319,1,05,25,00:39:22,06,03,03:30:22
16,389,316,2,05,25,00:43:11,05,26,04:42:11
17,830,575,1,05,25,01:06:36,05,27,00:43:36
18,3376,19,2,05,25,01:10:47,05,31,06:35:47
19,1941,456,1,05,25,01:17:24,05,31,06:00:24
20,3517,185,2,05,25,01:48:41,05,27,02:20:41
21,146,388,2,05,25,01:59:46,05,26,01:01:46
22,727,509,2,05,25,02:19:23,05,26,04:52:23
23,4441,438,1,05,25,02:40:21,05,29,06:34:21
24,3273,350,1,05,25,02:53:02,05,27,01:15:02
25,3961,37,2,05,25,03:21:20,05,27,21:25:20
26,4371,371,1,05,25,03:36:50,05,31,00:34:50
27,1225,301,2,05,25,03:41:50,05,30,01:13:50
28,4068,232,2,05,25,03:42:37,05,26,09:26:37
29,611,44,2,05,25,03:47:12,05,30,00:31:12
30,3744,430,1,05,25,04:01:32,05,30,03:12:32
31,4482,369,1,05,25,04:05:17,05,30,07:15:17
32,3832,230,1,05,25,04:06:21,05,25,23:55:21
33,1681,272,1,05,25,04:18:51,05,27,03:58:51
34,2613,597,2,05,25,04:19:28,05,29,00:10:28
35,1286,484,2,05,25,04:24:36,05,27,07:02:36
36,1308,88,1,05,25,04:36:26,05,29,00:31:26
37,403,535,1,05,25,04:44:31,05,29,01:03:31
38,2540,302,1,05,25,04:47:44,06,01,00:58:44
39,4466,207,2,05,25,04:51:46,05,31,03:14:46
40,2638,413,1,05,25,05:09:04,05,27,23:12:04
41,1761,174,1,05,25,05:12:29,06,02,00:28:29
42,380,523,2,05,25,05:24:58,05,31,02:47:58
43,2578,532,2,05,25,05:39:25,05,26,06:54:25
44,3098,207,2,05,25,05:53:23,05,29,10:56:23
45,1853,436,2,05,25,05:59:39,06,02,09:56:39
46,3318,7,2,05,25,06:04:08,06,02,08:18:08
47,2211,35,1,05,25,06:05:20,05,30,03:04:20
48,1780,282,1,05,25,06:20:46,06,02,05:42:46
49,2965,498,2,05,25,06:39:35,05,30,10:12:35
50,1983,18,2,05,25,06:44:53,05,28,11:28:53
51,1257,256,1,05,25,06:49:10,05,26,06:42:10
52,4017,507,2,05,25,06:51:29,05,31,01:27:29
53,1255,569,2,05,25,07:19:16,05,27,05:19:16
54,2787,291,2,05,25,07:23:25,06,01,05:05:25
55,1139,131,1,05,25,08:26:13,05,30,10:57:13
56,1352,511,1,05,25,08:28:11,05,26,14:21:11
57,3938,6,2,05,25,08:43:32,05,29,06:42:32
58,3050,323,1,05,25,08:53:14,05,28,14:40:14
59,2884,408,1,05,25,08:56:42,06,01,09:52:42
60,330,470,1,05,25,08:58:25,05,30,14:14:25
61,4210,250,2,05,25,09:01:57,06,02,07:22:57
62,261,419,1,05,25,09:18:52,05,30,10:55:52
63,4008,383,1,05,25,09:19:16,05,27,04:24:16
64,79,368,1,05,25,09:21:29,06,03,11:31:29
65,3552,346,1,05,25,09:32:03,05,29,14:21:03
66,1162,86,2,05,25,09:35:12,05,29,04:16:12
67,239,119,2,05,25,09:41:01,05,27,13:46:01
68,4029,120,2,05,25,09:47:31,05,31,10:20:31
69,3207,305,2,05,25,10:10:14,05,27,14:02:14
70,2168,73,2,05,25,10:15:23,05,27,05:56:23
71,2408,100,1,05,25,10:26:39,05,28,04:59:39
72,2260,48,2,05,25,10:52:13,05,28,05:52:13
73,517,391,2,05,25,11:00:07,06,01,13:56:07
74,1744,265,2,05,25,11:09:48,05,26,12:23:48
75,3393,510,1,05,25,11:13:34,06,03,12:58:34
76,3021,1,2,05,25,11:30:37,06,03,12:00:37
77,1303,451,2,05,25,11:31:59,05,26,16:53:59
78,4067,135,2,05,25,11:35:18,05,31,12:48:18
79,3299,245,2,05,25,12:11:07,06,03,10:54:07
80,2478,314,2,05,25,12:12:07,05,31,17:46:07
81,2610,286,2,05,25,12:15:19,06,02,14:08:19
82,1388,427,1,05,25,12:17:46,06,01,10:48:46
83,466,131,1,05,25,12:30:15,05,27,15:40:15
84,1829,492,1,05,25,12:36:30,05,29,18:33:30
85,470,414,1,05,25,13:05:34,05,29,16:53:34
86,2275,266,1,05,25,13:36:12,05,30,14:53:12
87,1586,331,2,05,25,13:52:43,05,29,11:12:43
88,2221,53,2,05,25,14:13:54,05,29,09:32:54
89,2181,499,1,05,25,14:28:29,05,29,14:33:29
90,2984,25,1,05,25,14:31:25,06,01,10:07:25
91,139,267,1,05,25,14:57:22,06,01,18:32:22
92,775,302,2,05,25,15:38:46,05,31,13:40:46
93,4360,288,1,05,25,15:54:16,06,03,20:18:16
94,1675,197,1,05,25,16:03:42,05,30,14:23:42
95,178,400,2,05,25,16:12:52,06,02,18:55:52
96,3418,49,2,05,25,16:32:19,05,30,10:47:19
97,1283,263,2,05,25,16:34:24,05,28,12:13:24
98,2970,269,2,05,25,16:48:24,05,27,11:29:24
99,535,44,1,05,25,16:50:20,05,28,18:52:20
100,2599,208,1,05,25,16:50:28,06,02,22:11:28
101,617,468,1,05,25,17:17:04,05,31,19:47:04
102,373,343,1,05,25,17:22:10,05,31,19:47:10
103,3343,384,1,05,25,17:30:42,06,03,22:36:42
104,4281,310,1,05,25,17:46:33,05,27,15:20:33
105,794,108,2,05,25,17:54:12,05,30,12:03:12
106,3627,196,2,05,25,18:18:19,06,04,00:01:19
107,2833,317,2,05,25,18:28:09,06,03,22:46:09
108,3289,242,1,05,25,18:30:05,05,30,19:40:05
109,1044,503,2,05,25,18:40:20,05,29,20:39:20
110,4108,19,2,05,25,18:43:49,06,03,18:13:49
111,3725,227,1,05,25,18:45:19,05,28,17:18:19
112,2153,500,1,05,25,18:57:24,06,02,20:44:24
113,2963,93,2,05,25,19:07:40,05,27,22:16:40
114,4502,506,1,05,25,19:12:42,06,01,23:10:42
115,749,455,1,05,25,19:13:25,05,29,20:17:25
116,4453,18,1,05,25,19:27:51,05,26,16:23:51
117,4278,7,2,05,25,19:30:46,05,31,23:59:46
118,872,524,1,05,25,19:31:18,05,31,15:00:18
119,1359,51,2,05,25,19:37:02,05,29,23:51:02
120,37,365,2,05,25,19:37:47,06,01,23:29:47
121,1053,405,1,05,25,19:41:29,05,29,21:31:29
122,2908,273,1,05,25,19:46:21,06,02,19:07:21
123,1795,43,1,05,25,20:26:42,05,26,19:41:42
124,212,246,2,05,25,20:46:11,05,30,00:47:11
125,952,368,1,05,25,20:48:50,06,02,21:39:50
126,2047,439,1,05,25,21:07:59,05,28,18:51:59
127,2026,94,1,05,25,21:10:40,06,02,21:38:40
128,4322,40,1,05,25,21:19:53,05,29,23:34:53
129,4154,23,2,05,25,21:20:03,06,04,01:25:03
130,3990,56,2,05,25,21:21:56,05,30,22:41:56
131,815,325,2,05,25,21:42:46,05,30,23:25:46
132,3367,479,1,05,25,21:46:54,05,31,21:02:54
133,399,237,2,05,25,21:48:30,05,30,00:26:30
134,2272,222,1,05,25,21:48:41,06,02,18:28:41
135,103,304,1,05,25,21:58:58,06,03,17:50:58
136,2296,504,1,05,25,22:02:30,05,31,18:06:30
137,2591,560,2,05,25,22:25:18,06,01,02:30:18
138,4134,586,2,05,25,22:48:22,05,29,20:21:22
139,327,257,1,05,25,23:00:21,05,29,17:12:21
140,655,354,1,05,25,23:34:22,05,27,01:10:22
141,811,89,1,05,25,23:34:53,06,02,01:57:53
142,4407,472,2,05,25,23:43:47,05,29,00:46:47
143,847,297,2,05,25,23:45:52,05,27,21:41:52
144,1689,357,2,05,25,23:49:56,06,01,21:41:56
145,3905,82,1,05,25,23:59:03,05,31,02:56:03
146,1431,433,2,05,26,00:07:11,06,04,00:20:11
147,633,274,2,05,26,00:17:50,05,29,23:21:50
148,4252,142,2,05,26,00:25:23,06,01,19:29:23
149,1084,319,2,05,26,00:28:05,06,02,21:30:05
150,909,429,2,05,26,00:28:39,06,01,02:10:39
151,2942,14,1,05,26,00:37:28,05,30,06:28:28
152,2622,57,1,05,26,00:41:10,06,03,06:05:10
153,3888,348,1,05,26,00:47:47,05,27,21:28:47
154,1354,185,2,05,26,00:55:56,05,29,23:18:56
155,288,551,1,05,26,01:15:05,06,01,00:03:05
156,3193,462,1,05,26,01:19:05,05,27,23:43:05
157,887,344,2,05,26,01:25:21,05,26,21:17:21
158,2395,354,2,05,26,01:27:11,06,03,00:30:11
159,3453,505,1,05,26,01:34:28,05,29,04:00:28
160,1885,290,1,05,26,01:46:20,06,01,05:45:20
161,2941,182,1,05,26,01:51:48,05,27,05:42:48
162,1229,296,2,05,26,02:02:05,05,27,03:38:05
163,2306,104,1,05,26,02:26:23,06,04,06:36:23
164,1070,151,1,05,26,02:26:49,05,28,00:32:49
165,2735,33,1,05,26,02:28:36,06,02,03:21:36
166,3894,322,1,05,26,02:49:11,05,31,01:28:11
167,865,401,1,05,26,02:50:31,05,27,03:07:31
168,2714,469,2,05,26,03:07:43,06,02,02:09:43
169,1758,381,2,05,26,03:09:30,05,27,01:37:30
170,3688,107,1,05,26,03:11:12,06,02,03:53:12
171,4483,400,2,05,26,03:14:15,06,03,00:24:15
172,2873,176,2,05,26,03:17:42,05,29,04:11:42
173,3596,533,2,05,26,03:42:10,05,28,01:37:10
174,3954,552,2,05,26,03:44:10,05,28,07:13:10
175,4346,47,2,05,26,03:46:26,06,03,06:01:26
176,851,250,2,05,26,03:47:39,06,01,02:36:39
177,3545,548,2,05,26,04:14:29,06,01,08:16:29
178,1489,196,2,05,26,04:21:46,06,04,07:09:46
179,2575,19,1,05,26,04:26:06,06,03,10:06:06
180,2752,75,1,05,26,04:46:23,06,01,09:58:23
181,2417,587,2,05,26,04:47:06,05,29,06:34:06
182,4396,237,2,05,26,04:49:17,06,01,05:43:17
183,2877,254,1,05,26,05:01:18,06,01,09:04:18
184,1970,556,1,05,26,05:29:49,05,28,10:10:49
185,2598,125,2,05,26,05:30:03,06,02,09:48:03
186,1799,468,2,05,26,05:32:52,06,03,07:19:52
187,4004,515,1,05,26,05:42:37,06,04,00:38:37
188,3342,243,1,05,26,05:47:12,05,26,23:48:12
189,984,247,1,05,26,06:01:41,05,27,06:11:41
190,3962,533,1,05,26,06:11:28,06,01,09:44:28
191,4365,412,1,05,26,06:14:06,05,28,05:33:06
192,1897,437,1,05,26,06:20:37,06,02,10:57:37
193,3900,270,2,05,26,06:41:48,05,30,06:21:48
194,1337,29,2,05,26,06:52:33,05,30,04:08:33
195,506,564,2,05,26,06:52:36,05,31,02:47:36
196,190,184,1,05,26,06:55:58,05,27,10:54:58
197,4212,546,2,05,26,06:59:21,06,03,05:04:21
198,1789,54,1,05,26,07:03:49,06,04,11:45:49
199,2135,71,1,05,26,07:11:58,05,28,09:06:58
200,3926,321,1,05,26,07:12:21,05,31,12:07:21
201,776,444,2,05,26,07:13:45,06,04,02:02:45
202,674,20,1,05,26,07:27:36,06,02,03:52:36
203,3374,109,1,05,26,07:27:57,06,03,12:52:57
204,1842,528,1,05,26,07:30:37,05,30,08:11:37
205,303,114,2,05,26,07:59:37,05,29,09:43:37
206,1717,345,1,05,26,08:01:54,05,27,06:26:54
207,102,47,2,05,26,08:04:38,05,27,09:32:38
208,3669,274,1,05,26,08:10:22,05,27,03:55:22
209,729,379,1,05,26,08:14:01,05,27,09:00:01
210,1801,391,2,05,26,08:14:15,05,27,12:12:15
211,4005,170,1,05,26,08:33:10,05,28,14:09:10
212,764,59,2,05,26,08:34:41,05,30,12:46:41
213,1505,394,2,05,26,08:44:08,05,31,12:33:08
214,1453,98,2,05,26,08:48:49,05,31,04:06:49
215,679,197,2,05,26,09:02:47,05,28,09:45:47
216,1398,91,1,05,26,09:17:43,06,03,08:21:43
217,4395,121,2,05,26,09:24:26,05,31,03:24:26
218,2291,309,2,05,26,09:27:09,06,04,11:53:09
219,3074,489,1,05,26,09:41:45,05,28,04:40:45
220,1259,542,1,05,26,10:06:49,06,01,07:43:49
221,3578,143,1,05,26,10:14:09,05,29,05:57:09
222,2745,83,2,05,26,10:14:38,05,31,08:36:38
223,3121,460,1,05,26,10:15:23,05,30,11:43:23
224,4285,318,1,05,26,10:18:27,06,04,06:59:27
225,651,467,2,05,26,10:27:50,06,01,07:01:50
226,4181,221,2,05,26,10:44:04,05,31,13:26:04
227,214,301,1,05,26,10:51:46,05,30,07:24:46
228,511,571,1,05,26,10:54:28,06,04,09:39:28
229,1131,312,2,05,26,11:19:20,05,31,11:56:20
230,1085,58,1,05,26,11:31:50,05,30,15:22:50
231,4032,365,1,05,26,11:31:59,05,27,07:27:59
232,2945,256,2,05,26,11:38:05,05,27,08:42:05
233,715,531,2,05,26,11:43:44,05,28,17:28:44
234,1321,566,2,05,26,11:47:20,06,03,10:39:20
235,3537,119,1,05,26,11:51:09,06,04,09:36:09
236,1265,446,1,05,26,11:53:49,05,28,13:55:49
237,241,536,1,05,26,12:15:13,05,29,18:10:13
238,503,211,1,05,26,12:30:22,05,27,06:49:22
239,131,49,2,05,26,12:30:26,06,01,13:26:26
240,3420,103,1,05,26,12:40:23,06,04,07:22:23
241,4438,245,2,05,26,12:49:01,05,28,11:43:01
242,2095,214,1,05,26,13:05:08,06,02,15:26:08
243,1721,543,2,05,26,13:06:05,06,03,17:28:05
244,1041,257,1,05,26,13:40:40,05,31,11:58:40
245,3045,158,2,05,26,13:46:59,05,27,09:58:59
246,2829,240,2,05,26,13:57:07,05,29,10:12:07
247,4095,102,2,05,26,14:01:05,05,28,13:38:05
248,1913,545,2,05,26,14:07:58,05,31,14:03:58
249,2428,472,2,05,26,14:19:09,05,28,17:47:09
250,368,539,1,05,26,14:30:24,05,27,08:50:24
251,4352,204,1,05,26,14:35:40,05,29,17:17:40
252,1203,187,1,05,26,14:39:53,06,02,14:48:53
253,2969,416,1,05,26,14:43:14,05,27,12:21:14
254,1835,390,2,05,26,14:43:48,05,31,09:19:48
255,3264,114,1,05,26,14:52:15,05,27,12:45:15
256,3194,436,1,05,26,15:20:58,05,31,15:58:58
257,2570,373,2,05,26,15:27:05,05,29,16:25:05
258,3534,502,2,05,26,15:28:14,05,30,18:38:14
259,30,482,2,05,26,15:32:46,06,04,15:27:46
260,435,21,2,05,26,15:42:20,05,31,13:21:20
261,1369,414,2,05,26,15:44:23,06,02,09:47:23
262,4261,236,2,05,26,15:46:56,05,28,15:49:56
263,1160,449,2,05,26,15:47:40,05,30,10:07:40
264,2069,251,2,05,26,16:00:49,05,27,10:12:49
265,2276,303,1,05,26,16:07:38,06,01,14:20:38
266,3303,263,2,05,26,16:08:05,05,27,10:55:05
267,1206,417,2,05,26,16:16:21,05,30,16:53:21
268,1714,75,1,05,26,16:19:08,05,27,14:35:08
269,3501,322,2,05,26,16:19:46,05,27,15:59:46
270,207,200,2,05,26,16:20:56,06,03,12:40:56
271,2388,92,2,05,26,16:22:01,06,03,17:30:01
272,971,71,2,05,26,16:27:11,06,03,13:10:11
273,1590,193,2,05,26,16:29:36,05,29,18:49:36
274,656,311,1,05,26,16:48:51,06,03,18:17:51
275,1718,133,1,05,26,17:09:53,06,04,22:35:53
276,1221,58,1,05,26,17:16:07,06,03,12:59:07
277,1409,45,1,05,26,17:32:11,05,28,22:54:11
278,182,214,2,05,26,17:40:58,06,02,16:43:58
279,661,384,2,05,26,18:02:50,06,03,18:48:50
280,1896,167,1,05,26,18:36:58,05,27,23:42:58
281,1208,582,2,05,26,18:49:35,05,27,18:11:35
282,4486,282,2,05,26,18:56:26,06,01,16:32:26
283,3530,242,1,05,26,19:05:05,05,31,19:19:05
284,350,359,2,05,26,19:21:44,06,04,14:18:44
285,2486,162,2,05,26,19:41:40,05,31,16:58:40
286,314,371,2,05,26,19:44:51,06,04,18:00:51
287,3631,17,1,05,26,19:44:54,06,02,01:10:54
288,3546,82,2,05,26,19:47:49,06,03,20:53:49
289,2449,81,1,05,26,20:01:09,05,28,15:09:09
290,2776,429,1,05,26,20:08:33,05,30,00:32:33
291,485,577,2,05,26,20:20:47,06,03,02:06:47
292,4264,515,1,05,26,20:22:12,06,05,00:58:12
293,1828,158,2,05,26,20:27:02,06,03,16:45:02
294,2751,369,1,05,26,20:29:57,05,28,17:20:57
295,4030,65,2,05,26,20:33:20,05,27,18:23:20
296,3878,468,2,05,26,20:35:19,06,04,02:31:19
297,1594,48,2,05,26,20:48:48,05,27,19:52:48
298,1083,460,2,05,26,20:52:26,05,29,22:08:26
299,4376,448,2,05,26,20:55:36,05,28,00:25:36
300,249,47,2,05,26,20:57:00,06,05,01:34:00
301,3448,274,2,05,26,21:06:14,06,01,01:54:14
302,2921,387,2,05,26,21:13:46,06,03,15:49:46
303,1111,596,2,05,26,21:16:52,05,27,23:41:52
304,1701,534,1,05,26,21:21:28,06,02,00:05:28
305,2665,464,2,05,26,21:22:07,06,02,22:33:07
306,2781,547,1,05,26,21:31:57,05,28,19:37:57
307,1097,375,1,05,26,21:48:13,06,04,22:24:13
308,187,277,2,05,26,22:01:39,06,04,20:24:39
309,1946,251,2,05,26,22:38:10,06,02,03:10:10
310,593,409,1,05,26,22:41:07,06,02,04:09:07
311,2830,201,1,05,26,22:51:37,06,01,00:02:37
312,2008,143,2,05,26,22:52:19,06,02,18:14:19
313,4156,594,2,05,26,22:56:19,05,29,01:29:19
314,2851,203,2,05,26,23:09:41,05,28,22:49:41
315,2847,238,1,05,26,23:12:55,05,29,23:33:55
316,3828,249,2,05,26,23:22:55,05,29,23:25:55
317,26,391,2,05,26,23:23:56,06,01,19:56:56
318,2559,60,2,05,26,23:37:39,06,03,04:31:39
319,3024,77,1,05,26,23:52:13,05,30,18:55:13
320,1090,2,2,05,27,00:09:24,05,28,04:30:24
321,4556,496,1,05,27,00:47:35,06,02,00:32:35
322,2362,144,1,05,27,00:49:27,05,30,03:12:27
323,3364,292,1,05,27,01:00:04,05,30,04:27:04
324,2510,449,2,05,27,01:09:55,05,31,07:01:55
325,3979,432,2,05,27,01:10:11,06,04,20:25:11
326,2678,105,1,05,27,01:18:57,06,04,04:06:57
327,2524,451,1,05,27,01:29:31,06,01,02:27:31
328,2659,231,2,05,27,01:57:14,05,31,04:19:14
329,1536,248,2,05,27,02:15:30,06,04,05:09:30
330,1872,67,1,05,27,02:22:26,06,05,00:25:26
331,1529,299,2,05,27,02:27:10,06,03,01:26:10
332,4001,412,2,05,27,02:52:21,06,01,00:55:21
333,3973,194,1,05,27,03:03:07,05,29,03:54:07
334,1411,16,2,05,27,03:07:10,06,05,00:15:10
335,1811,275,1,05,27,03:15:23,05,29,22:43:23
336,751,19,1,05,27,03:22:30,06,02,03:27:30
337,2596,165,2,05,27,03:42:52,06,01,05:23:52
338,2410,516,2,05,27,03:47:18,06,04,05:46:18
339,946,209,2,05,27,03:55:25,06,04,07:57:25
340,4168,56,1,05,27,04:01:42,06,05,08:51:42
341,4019,539,2,05,27,04:11:04,05,29,01:28:04
342,3301,455,1,05,27,04:13:41,05,28,08:34:41
343,2327,236,2,05,27,04:30:22,05,29,10:13:22
344,1396,144,1,05,27,04:32:25,05,31,09:50:25
345,4319,14,2,05,27,04:34:41,06,05,04:24:41
346,1625,378,2,05,27,04:40:33,05,28,09:56:33
347,1825,473,1,05,27,04:50:56,06,01,04:43:56
348,2920,36,2,05,27,04:53:11,05,28,06:33:11
349,2756,9,2,05,27,05:01:28,06,04,05:01:28
350,3371,118,1,05,27,05:39:03,06,01,11:10:03
351,4369,157,1,05,27,05:48:19,05,29,09:05:19
352,3989,503,2,05,27,06:03:39,06,03,04:39:39
353,2058,452,1,05,27,06:12:26,06,01,06:48:26
354,141,446,2,05,27,06:15:33,06,01,02:50:33
355,2868,382,2,05,27,06:32:30,05,30,06:24:30
356,4417,198,2,05,27,06:37:15,05,30,07:04:15
357,1925,102,2,05,27,06:43:59,05,29,11:28:59
358,1156,152,1,05,27,06:48:33,05,29,03:55:33
359,3489,594,1,05,27,06:51:14,06,03,01:58:14
360,6,587,1,05,27,07:03:28,05,31,08:01:28
361,2324,147,1,05,27,07:10:25,06,01,08:34:25
362,4282,345,2,05,27,07:14:00,05,28,12:22:00
363,833,430,2,05,27,07:20:12,05,31,10:44:12
364,2887,167,1,05,27,07:31:20,06,04,04:46:20
365,360,134,2,05,27,07:33:54,06,04,01:55:54
366,3437,439,2,05,27,07:37:02,05,30,05:43:02
367,1247,361,2,05,27,07:42:29,06,04,11:20:29
368,944,508,2,05,27,07:46:49,06,01,06:20:49
369,3347,22,2,05,27,07:49:43,06,05,06:39:43
370,1235,295,2,05,27,08:08:18,06,05,03:05:18
371,4089,510,2,05,27,08:13:58,06,04,03:50:58
372,1649,464,1,05,27,08:16:25,06,01,11:41:25
373,4420,337,1,05,27,08:26:30,06,05,07:13:30
374,1815,306,1,05,27,08:49:21,06,04,14:11:21
375,3197,542,1,05,27,08:58:15,06,02,04:48:15
376,3012,170,2,05,27,09:04:05,06,02,03:36:05
377,2242,53,1,05,27,09:23:22,05,29,15:20:22
378,3462,584,1,05,27,09:25:32,06,02,06:19:32
379,1777,176,1,05,27,09:34:39,06,04,11:45:39
380,2748,371,1,05,27,09:43:25,05,31,12:00:25
381,4358,183,1,05,27,10:12:00,05,31,15:03:00
382,955,298,1,05,27,10:12:20,06,03,10:37:20
383,910,371,2,05,27,10:18:20,06,02,09:21:20
384,1565,213,2,05,27,10:23:25,05,30,15:27:25
385,1288,109,1,05,27,10:26:31,05,30,08:32:31
386,2684,506,2,05,27,10:35:27,06,01,13:37:27
387,434,28,1,05,27,10:37:27,05,30,05:45:27
388,691,500,2,05,27,10:45:41,06,05,06:22:41
389,3759,48,2,05,27,11:02:26,06,02,16:09:26
390,2193,197,2,05,27,11:03:55,06,01,11:59:55
391,263,359,2,05,27,11:14:42,06,01,14:28:42
392,145,251,2,05,27,11:18:25,05,28,07:10:25
393,1890,274,2,05,27,11:26:11,06,03,16:44:11
394,752,575,1,05,27,11:45:49,05,31,13:42:49
395,1020,112,1,05,27,11:47:04,05,29,10:14:04
396,4193,544,2,05,27,12:29:02,05,28,17:36:02
397,1686,422,1,05,27,12:44:03,06,02,08:19:03
398,553,204,1,05,27,12:48:38,05,29,15:27:38
399,258,249,2,05,27,12:51:44,05,31,08:34:44
400,2179,46,2,05,27,12:57:55,05,29,17:55:55
401,461,354,2,05,27,13:17:18,05,30,08:53:18
402,3983,424,2,05,27,13:28:52,05,29,11:47:52
403,1293,168,1,05,27,13:31:51,05,30,16:58:51
404,4090,272,2,05,27,13:32:39,06,05,18:53:39
405,2136,381,1,05,27,13:46:46,05,30,12:43:46
406,1077,44,1,05,27,13:57:38,05,31,18:23:38
407,1438,84,1,05,27,13:57:39,05,28,11:57:39
408,3652,220,2,05,27,14:10:58,06,02,10:40:58
409,4010,506,2,05,27,14:11:22,06,02,20:06:22
410,1434,388,1,05,27,14:14:14,06,03,17:39:14
411,1400,375,2,05,27,14:17:23,05,29,15:07:23
412,3516,307,1,05,27,14:45:37,06,03,11:11:37
413,1019,219,2,05,27,14:48:20,05,31,14:39:20
414,3698,304,2,05,27,14:51:45,05,28,19:07:45
415,2371,222,2,05,27,15:02:10,05,29,10:34:10
416,2253,475,2,05,27,15:07:27,05,29,20:01:27
417,3063,151,2,05,27,15:13:17,06,04,12:05:17
418,2514,77,1,05,27,15:15:11,06,02,11:53:11
419,619,93,2,05,27,15:19:38,06,03,15:07:38
420,2985,246,2,05,27,15:30:13,06,04,13:19:13
421,1152,150,2,05,27,15:31:55,06,01,11:47:55
422,1783,284,1,05,27,15:32:57,06,02,19:03:57
423,2815,35,1,05,27,15:34:01,06,05,09:44:01
424,1518,182,2,05,27,15:51:30,06,03,16:52:30
425,1103,522,1,05,27,15:56:57,06,05,11:45:57
426,1677,288,2,05,27,16:10:04,06,05,13:22:04
427,3349,161,2,05,27,16:10:58,05,31,17:24:58
428,129,498,2,05,27,16:21:26,06,05,20:23:26
429,1920,190,1,05,27,16:22:10,06,05,13:10:10
430,4507,334,1,05,27,16:31:05,06,05,11:29:05
431,1119,46,1,05,27,16:40:29,05,29,16:20:29
432,4364,574,2,05,27,16:40:40,05,30,19:55:40
433,3360,246,1,05,27,16:54:27,06,04,22:26:27
434,3328,3,2,05,27,17:17:09,06,02,11:20:09
435,4317,267,2,05,27,17:21:04,05,30,21:26:04
436,1800,525,2,05,27,17:47:22,06,05,14:22:22
437,4260,249,2,05,27,17:52:34,06,05,22:23:34
438,354,319,2,05,27,17:54:48,06,02,23:01:48
439,4452,314,1,05,27,18:00:35,05,29,16:15:35
440,1578,54,1,05,27,18:11:05,05,30,22:45:05
441,1457,403,2,05,27,18:12:13,05,30,12:30:13
442,2021,547,1,05,27,18:35:20,06,04,18:58:20
443,723,239,1,05,27,18:39:15,06,01,15:56:15
444,1757,293,2,05,27,18:42:57,05,30,22:35:57
445,1955,401,2,05,27,18:48:41,06,03,16:42:41
446,3890,133,1,05,27,18:57:02,06,05,18:38:02
447,2671,247,2,05,27,19:03:08,06,03,20:28:08
448,2469,172,2,05,27,19:13:15,06,04,01:08:15
449,1343,247,1,05,27,19:18:54,06,05,23:52:54
450,205,87,2,05,27,19:27:54,05,29,01:07:54
451,2993,127,2,05,27,19:30:33,05,30,20:53:33
452,4425,529,1,05,27,19:31:16,05,29,23:06:16
453,3499,575,1,05,27,19:31:36,05,30,15:46:36
454,3344,343,2,05,27,19:43:29,06,04,23:40:29
455,1699,92,1,05,27,19:50:06,06,02,22:14:06
456,2368,300,2,05,27,19:52:29,06,02,17:17:29
457,3350,565,1,05,27,19:58:36,06,06,00:51:36
458,597,468,1,05,27,20:00:04,05,29,22:47:04
459,4238,240,1,05,27,20:02:03,05,28,16:14:03
460,2077,447,1,05,27,20:08:55,06,01,14:32:55
461,2314,364,2,05,27,20:10:36,06,03,21:12:36
462,826,21,1,05,27,20:11:47,06,04,21:18:47
463,1313,193,2,05,27,20:42:44,05,30,00:49:44
464,20,261,1,05,27,20:44:36,06,02,02:43:36
465,1786,442,1,05,27,20:57:07,05,29,15:52:07
466,339,557,1,05,27,21:10:03,06,01,16:08:03
467,2656,101,2,05,27,21:13:10,06,04,15:26:10
468,4463,154,1,05,27,21:14:26,06,05,21:51:26
469,1613,504,1,05,27,21:17:08,06,04,17:47:08
470,2872,209,2,05,27,21:32:42,05,31,00:39:42
471,1338,528,1,05,27,21:36:15,05,29,21:07:15
472,802,105,1,05,27,21:36:34,06,05,17:02:34
473,1474,274,1,05,27,22:11:56,05,31,19:07:56
474,2520,159,1,05,27,22:16:26,05,28,19:58:26
475,2451,543,1,05,27,22:31:36,06,03,19:12:36
476,2437,161,2,05,27,22:33:33,06,02,18:35:33
477,424,557,2,05,27,22:38:20,05,31,18:39:20
478,2060,231,2,05,27,22:39:10,06,05,22:46:10
479,2108,220,2,05,27,22:47:39,06,04,21:17:39
480,72,445,2,05,27,22:49:27,05,30,17:46:27
481,4178,546,2,05,27,22:53:02,06,01,22:53:02
482,1510,32,1,05,27,23:00:25,05,28,21:30:25
483,3115,491,2,05,27,23:26:45,05,29,21:16:45
484,2392,105,2,05,27,23:40:52,05,28,22:40:52
485,1822,398,1,05,27,23:51:12,05,28,20:26:12
486,3774,569,2,05,28,00:00:30,05,28,19:18:30
487,393,168,2,05,28,00:07:50,06,03,22:30:50
488,1940,476,2,05,28,00:09:12,05,31,04:44:12
489,3524,95,2,05,28,00:09:56,05,30,22:32:56
490,1326,196,2,05,28,00:13:35,05,29,00:11:35
491,1999,228,1,05,28,00:24:58,05,28,22:34:58
492,184,501,1,05,28,00:34:11,05,30,18:40:11
493,1850,64,1,05,28,00:39:31,06,02,19:35:31
494,1007,526,1,05,28,00:40:48,05,29,06:07:48
495,1785,56,1,05,28,00:43:41,06,04,03:56:41
496,2636,20,2,05,28,00:54:39,06,03,20:47:39
497,458,287,2,05,28,01:01:21,05,30,21:20:21
498,2381,199,2,05,28,01:05:07,06,05,19:54:07
499,4500,145,1,05,28,01:05:25,05,31,20:04:25
500,601,162,2,05,28,01:09:36,05,30,06:14:36
501,3131,179,2,05,28,01:34:43,05,31,01:02:43
502,3005,288,2,05,28,01:35:25,05,28,22:12:25
503,2086,170,1,05,28,02:05:34,05,30,23:03:34
504,71,111,1,05,28,02:06:37,05,29,06:57:37
505,667,469,1,05,28,02:09:19,06,05,20:34:19
506,3621,421,2,05,28,02:31:19,06,02,05:07:19
507,4179,434,1,05,28,02:40:50,06,05,03:05:50
508,3416,147,1,05,28,02:51:12,05,31,06:27:12
509,4338,113,2,05,28,02:52:14,05,30,21:20:14
510,3827,296,1,05,28,03:04:04,06,03,04:58:04
511,2176,231,2,05,28,03:07:50,06,05,02:12:50
512,225,489,1,05,28,03:08:10,05,29,07:22:10
513,1697,597,2,05,28,03:09:28,06,05,00:49:28
514,3369,110,2,05,28,03:10:10,06,04,02:18:10
515,4357,400,1,05,28,03:11:47,06,04,02:19:47
516,234,403,1,05,28,03:17:57,05,29,06:33:57
517,4087,480,1,05,28,03:18:02,05,30,05:32:02
518,3564,245,1,05,28,03:22:33,06,03,05:06:33
519,3845,161,1,05,28,03:27:37,06,04,05:47:37
520,2397,374,1,05,28,03:32:22,05,28,22:37:22
521,3195,382,1,05,28,03:33:20,05,31,04:23:20
522,1905,138,2,05,28,03:53:26,05,31,05:58:26
523,1962,223,1,05,28,03:57:28,05,31,05:20:28
524,1817,14,1,05,28,04:25:33,06,06,04:18:33
525,1387,408,1,05,28,04:27:37,05,30,07:52:37
526,266,169,1,05,28,04:28:38,06,02,08:19:38
527,1655,359,2,05,28,04:30:05,06,03,10:01:05
528,2624,469,1,05,28,04:34:17,05,30,00:35:17
529,3332,312,2,05,28,05:13:01,06,01,10:21:01
530,1113,589,2,05,28,05:23:38,05,29,08:00:38
531,2793,120,1,05,28,05:36:58,06,02,01:50:58
532,4306,528,2,05,28,06:14:46,06,01,06:26:46
533,992,184,1,05,28,06:15:25,06,06,07:51:25
534,4209,307,1,05,28,06:16:32,05,31,02:48:32
535,2962,514,2,05,28,06:17:33,06,03,10:02:33
536,3095,315,2,05,28,06:20:55,06,05,11:48:55
537,2262,110,2,05,28,06:21:05,06,02,01:22:05
538,3427,161,1,05,28,06:26:16,05,30,02:02:16
539,3321,119,1,05,28,06:40:25,06,06,00:47:25
540,1662,535,2,05,28,06:41:58,06,02,09:12:58
541,4444,261,1,05,28,06:42:13,06,03,09:05:13
542,530,493,2,05,28,06:43:34,06,06,07:16:34
543,2964,311,1,05,28,07:03:00,06,06,06:23:00
544,1086,54,2,05,28,07:10:20,06,04,01:47:20
545,487,20,1,05,28,07:16:25,06,01,08:36:25
546,2065,506,2,05,28,07:24:28,06,06,01:31:28
547,3704,450,2,05,28,07:34:56,06,05,03:14:56
548,1818,159,1,05,28,07:35:37,06,02,09:08:37
549,3632,432,2,05,28,07:39:16,06,06,12:20:16
550,3119,315,2,05,28,07:44:18,06,02,12:55:18
551,23,106,2,05,28,07:53:38,06,04,12:45:38
552,1349,176,2,05,28,08:14:44,06,02,03:01:44
553,1951,376,2,05,28,08:23:16,05,31,03:29:16
554,4397,55,2,05,28,08:31:14,05,30,07:34:14
555,1814,22,2,05,28,08:31:36,06,06,07:29:36
556,158,444,2,05,28,08:36:22,06,03,10:42:22
557,4163,442,1,05,28,08:38:43,06,06,13:52:43
558,1227,572,2,05,28,08:39:02,06,05,08:38:02
559,644,463,2,05,28,08:53:02,06,04,12:27:02
560,928,77,1,05,28,08:54:06,06,05,05:54:06
561,3390,102,2,05,28,09:01:21,06,02,05:26:21
562,53,324,1,05,28,09:10:49,06,06,11:32:49
563,2973,282,1,05,28,09:12:09,05,29,05:07:09
564,1494,288,1,05,28,09:26:31,06,01,07:28:31
565,4330,253,1,05,28,09:51:39,06,05,09:35:39
566,3308,184,2,05,28,09:56:20,06,01,06:41:20
567,2232,155,1,05,28,09:57:36,05,31,15:44:36
568,4534,56,2,05,28,10:12:41,06,03,10:08:41
569,1122,21,1,05,28,10:15:04,05,30,08:32:04
570,4250,516,1,05,28,10:17:41,06,05,07:56:41
571,1899,337,2,05,28,10:30:13,06,02,05:04:13
572,4020,1,1,05,28,10:35:23,06,03,06:32:23
573,3883,76,1,05,28,10:44:28,06,04,11:42:28
574,4451,142,1,05,28,10:56:09,06,05,15:39:09
575,1866,588,2,05,28,10:56:10,06,04,13:15:10
576,375,6,2,05,28,11:09:14,06,01,13:27:14
577,2938,173,1,05,28,11:15:48,06,02,09:59:48
578,3481,181,1,05,28,11:19:23,06,02,13:51:23
579,3515,17,2,05,28,11:19:53,06,01,10:44:53
580,1380,186,2,05,28,11:20:29,06,04,12:37:29
581,4579,198,1,05,28,11:33:46,05,29,08:33:46
582,2679,386,2,05,28,11:48:55,06,04,07:09:55
583,1833,69,1,05,28,11:49:00,06,01,11:54:00
584,3544,490,2,05,28,11:50:45,06,03,15:35:45
585,898,77,1,05,28,12:03:00,05,29,13:16:00
586,1413,64,2,05,28,12:05:33,05,30,13:45:33
587,95,89,2,05,28,12:08:37,05,29,16:25:37
588,4231,308,2,05,28,12:27:50,06,03,07:15:50
589,473,462,1,05,28,13:06:50,06,02,09:18:50
590,377,19,2,05,28,13:11:04,05,29,17:20:04
591,638,244,1,05,28,13:21:08,05,29,16:55:08
592,1810,16,2,05,28,13:33:23,05,30,17:10:23
593,2766,538,1,05,28,13:41:56,05,30,12:00:56
594,595,294,1,05,28,13:59:54,06,05,15:16:54
595,821,589,1,05,28,14:00:03,05,29,17:10:03
596,4469,249,2,05,28,14:01:02,06,06,19:06:02
597,599,159,2,05,28,14:04:50,06,03,18:00:50
598,4136,393,2,05,28,14:05:57,06,01,16:41:57
599,1567,332,2,05,28,14:08:19,06,03,11:57:19
600,3225,429,1,05,28,14:08:22,06,04,10:50:22
601,1300,590,2,05,28,14:15:54,06,05,15:16:54
602,3248,537,1,05,28,14:27:51,05,29,13:13:51
603,1585,426,2,05,28,14:37:07,06,03,11:03:07
604,4232,501,2,05,28,14:39:10,06,01,09:28:10
605,3509,299,2,05,28,14:48:39,06,04,09:44:39
606,2561,554,2,05,28,15:02:41,05,30,12:54:41
607,4254,494,2,05,28,15:03:44,06,04,17:14:44
608,2944,150,2,05,28,15:04:02,06,05,14:47:02
609,3642,500,2,05,28,15:15:25,06,02,12:30:25
610,1230,580,2,05,28,15:18:18,05,31,20:15:18
611,2180,161,2,05,28,15:24:54,05,30,14:22:54
612,270,595,1,05,28,15:27:22,06,02,20:01:22
613,280,307,2,05,28,15:33:28,06,04,12:27:28
614,3397,533,2,05,28,15:35:52,06,03,17:35:52
615,989,471,1,05,28,15:45:39,06,02,09:55:39
616,4142,372,2,05,28,15:49:14,05,31,14:29:14
617,4445,248,1,05,28,15:50:07,06,01,19:45:07
618,2482,407,2,05,28,15:52:26,06,06,17:55:26
619,2444,321,1,05,28,15:54:45,06,04,20:26:45
620,1144,239,1,05,28,15:58:12,05,30,21:54:12
621,2363,109,1,05,28,15:58:22,06,04,10:13:22
622,1222,495,1,05,28,16:01:28,05,30,11:19:28
623,3660,569,1,05,28,16:13:22,06,06,20:35:22
624,2889,596,1,05,28,16:35:46,06,01,14:19:46
625,452,584,2,05,28,16:58:09,06,01,14:02:09
626,425,241,2,05,28,17:04:43,06,04,19:58:43
627,2513,173,2,05,28,17:05:46,06,06,16:29:46
628,1527,94,2,05,28,17:19:15,06,02,20:01:15
629,1254,417,2,05,28,17:24:51,06,05,20:05:51
630,2465,503,2,05,28,17:36:32,06,03,14:56:32
631,1287,442,1,05,28,17:37:50,06,03,16:04:50
632,58,360,2,05,28,17:37:59,06,03,22:49:59
633,2630,428,2,05,28,17:40:35,06,05,16:18:35
634,1648,42,1,05,28,17:46:57,06,06,18:24:57
635,4213,239,1,05,28,17:47:58,06,04,16:32:58
636,1581,250,2,05,28,18:14:29,05,29,23:48:29
637,2685,372,2,05,28,18:24:43,06,02,19:03:43
638,4204,198,1,05,28,18:25:02,05,29,18:22:02
639,495,465,1,05,28,18:43:26,05,30,13:39:26
640,3548,396,1,05,28,18:45:47,06,04,15:24:47
641,140,157,2,05,28,18:49:12,06,01,20:50:12
642,3105,240,2,05,28,18:52:11,05,31,15:15:11
643,4304,316,1,05,28,18:59:12,06,04,18:06:12
644,3128,505,1,05,28,19:14:09,06,05,14:01:09
645,1922,185,2,05,28,19:16:14,05,31,16:50:14
646,3435,569,1,05,28,19:22:52,06,01,00:10:52
647,3476,253,2,05,28,19:25:54,06,03,15:57:54
648,1781,197,1,05,28,19:35:45,06,05,16:00:45
649,4384,281,1,05,28,19:45:40,05,29,21:02:40
650,739,266,1,05,28,19:46:50,05,30,16:29:50
651,1201,43,2,05,28,20:08:47,05,29,14:57:47
652,126,327,2,05,28,20:12:20,06,04,14:44:20
653,2312,23,2,05,28,20:15:30,05,30,22:02:30
654,331,287,2,05,28,20:16:20,05,31,16:46:20
655,2846,437,1,05,28,20:18:24,05,30,16:19:24
656,848,65,1,05,28,20:23:09,06,01,02:11:09
657,3226,103,2,05,28,20:23:23,06,06,19:31:23
658,1382,207,2,05,28,20:27:53,05,31,01:36:53
659,1414,578,1,05,28,20:53:31,05,30,15:26:31
660,2247,51,2,05,28,21:01:25,06,02,01:22:25
661,2968,166,2,05,28,21:09:31,06,01,19:00:31
662,3997,176,2,05,28,21:23:02,06,02,17:39:02
663,87,523,2,05,28,21:31:08,06,02,20:56:08
664,1012,415,1,05,28,21:38:39,05,29,21:37:39
665,3075,437,2,05,28,21:48:51,06,05,16:45:51
666,797,596,1,05,28,21:49:02,05,31,03:07:02
667,3528,484,1,05,28,21:54:45,05,29,22:32:45
668,3677,313,1,05,28,22:03:25,06,03,03:39:25
669,227,201,2,05,28,22:04:03,06,06,22:43:03
670,1027,14,2,05,28,22:04:30,06,03,01:21:30
671,697,306,2,05,28,22:05:29,06,06,02:10:29
672,1769,468,1,05,28,22:07:30,06,01,23:42:30
673,1150,87,2,05,28,22:11:35,06,01,23:58:35
674,1273,338,2,05,28,22:22:44,06,01,02:57:44
675,2329,490,2,05,28,22:27:51,05,29,20:36:51
676,4558,194,2,05,28,23:00:08,06,05,19:11:08
677,3741,269,2,05,28,23:15:48,06,03,04:43:48
678,907,526,2,05,28,23:24:57,06,06,21:59:57
679,4147,482,2,05,28,23:27:26,06,02,02:28:26
680,3346,531,1,05,28,23:39:44,06,01,01:42:44
681,3160,148,2,05,28,23:53:18,05,29,19:14:18
682,2038,197,1,05,29,00:09:48,06,02,04:27:48
683,3242,461,2,05,29,00:13:15,06,04,21:26:15
684,1385,172,2,05,29,00:17:51,06,05,05:32:51
685,2441,411,1,05,29,00:27:10,05,30,02:29:10
686,1731,250,1,05,29,00:32:09,05,31,23:53:09
687,4135,162,1,05,29,00:45:24,06,02,01:30:24
688,742,571,2,05,29,00:46:53,06,03,23:48:53
689,2646,85,1,05,29,00:54:53,06,06,00:45:53
690,4034,433,1,05,29,01:01:26,06,07,06:21:26
691,800,18,2,05,29,01:32:10,06,02,03:54:10
692,635,190,2,05,29,01:42:31,06,03,02:29:31
693,592,399,1,05,29,01:49:43,06,05,06:52:43
694,4276,528,1,05,29,01:50:53,06,03,02:28:53
695,2076,19,1,05,29,01:59:10,06,01,02:45:10
696,3949,387,2,05,29,02:04:04,06,04,00:47:04
697,1412,109,1,05,29,02:10:52,06,01,21:52:52
698,130,246,2,05,29,02:11:44,06,04,20:23:44
699,500,117,1,05,29,02:18:54,05,30,05:54:54
700,372,112,1,05,29,02:26:27,06,03,04:59:27
701,2556,475,2,05,29,02:27:30,05,30,01:52:30
702,1123,269,2,05,29,02:29:36,06,03,04:54:36
703,2628,330,2,05,29,02:44:43,06,06,01:51:43
704,2809,257,1,05,29,02:48:52,05,30,06:21:52
705,2278,60,1,05,29,03:05:49,06,04,22:48:49
706,819,252,1,05,29,03:18:19,05,30,02:45:19
707,3133,127,2,05,29,03:23:47,05,31,21:27:47
708,2459,479,1,05,29,03:48:01,06,06,05:21:01
709,194,518,1,05,29,03:48:36,06,03,05:03:36
710,4581,215,2,05,29,03:49:03,05,31,08:29:03
711,4191,313,2,05,29,04:02:24,05,30,03:09:24
712,3664,507,1,05,29,04:10:17,06,07,07:13:17
713,2010,452,2,05,29,04:15:21,06,01,23:05:21
714,2030,545,1,05,29,04:22:41,06,05,09:28:41
715,85,36,2,05,29,04:35:29,06,01,07:42:29
716,1383,412,2,05,29,04:37:44,05,30,05:48:44
717,1736,498,1,05,29,04:52:23,06,02,02:27:23
718,267,245,2,05,29,05:16:05,06,01,07:53:05
719,3687,480,2,05,29,05:17:30,06,06,02:47:30
720,1116,44,1,05,29,05:28:47,05,31,11:24:47
721,4540,259,1,05,29,05:30:31,06,06,04:51:31
722,3407,309,1,05,29,05:34:44,05,30,05:50:44
723,3770,416,2,05,29,05:53:23,06,05,04:01:23
724,4088,245,2,05,29,06:03:41,06,03,08:52:41
725,933,452,2,05,29,06:05:29,06,05,04:40:29
726,1629,484,1,05,29,06:08:15,05,30,07:16:15
727,242,551,1,05,29,06:12:38,06,03,07:41:38
728,1688,323,2,05,29,06:35:13,06,04,03:23:13
729,3473,197,1,05,29,07:00:59,06,06,01:17:59
730,4124,5,1,05,29,07:25:16,05,30,05:21:16
731,2530,447,2,05,29,07:32:51,05,30,10:08:51
732,2951,363,1,05,29,07:35:21,06,05,09:14:21
733,3084,538,2,05,29,07:38:52,06,03,10:17:52
734,3421,454,1,05,29,08:08:13,06,07,13:35:13
735,3689,276,2,05,29,08:10:07,06,05,10:21:07
736,769,589,2,05,29,08:11:31,06,04,11:18:31
737,2284,256,2,05,29,08:20:08,06,06,08:59:08
738,1183,84,2,05,29,08:28:18,06,06,09:21:18
739,600,89,2,05,29,08:30:36,06,04,12:47:36
740,3189,495,1,05,29,08:35:49,06,04,11:55:49
741,273,483,1,05,29,08:36:30,06,05,11:30:30
742,2528,548,2,05,29,08:39:02,06,06,08:42:02
743,3722,420,2,05,29,09:13:08,06,01,07:05:08
744,581,152,1,05,29,09:22:57,06,01,09:10:57
745,4272,130,2,05,29,09:25:10,06,02,04:20:10
746,1993,291,1,05,29,09:26:34,06,05,07:28:34
747,2803,7,1,05,29,09:27:00,06,03,04:25:00
748,1146,375,2,05,29,09:33:33,05,31,11:45:33
749,730,269,1,05,29,09:41:40,05,30,13:31:40
750,2711,53,1,05,29,09:55:43,06,02,04:54:43
751,1720,126,1,05,29,10:14:15,06,04,06:30:15
752,1021,135,2,05,29,10:16:42,06,05,08:52:42
753,734,281,2,05,29,10:18:59,06,04,05:03:59
754,3090,576,2,05,29,10:26:29,06,01,10:25:29
755,3152,201,1,05,29,10:28:45,06,04,12:50:45
756,1067,435,1,05,29,10:29:47,06,07,15:27:47
757,1191,563,2,05,29,10:31:56,06,01,14:53:56
758,2367,179,2,05,29,10:57:57,06,07,16:23:57
759,3250,77,1,05,29,11:07:25,06,02,14:16:25
760,2342,58,2,05,29,11:09:01,06,03,16:18:01
761,3683,146,1,05,29,11:15:51,06,06,07:48:51
762,2022,50,1,05,29,11:32:15,05,31,17:31:15
763,1069,149,1,05,29,11:37:35,05,31,16:47:35
764,515,69,1,05,29,11:38:34,06,02,17:04:34
765,2154,383,1,05,29,11:47:02,06,06,07:14:02
766,687,67,2,05,29,12:20:19,06,02,14:15:19
767,2895,566,2,05,29,12:30:46,06,07,09:00:46
768,1523,575,1,05,29,12:51:44,06,01,17:43:44
769,2491,405,2,05,29,12:56:50,06,07,15:54:50
770,353,476,2,05,29,12:59:14,06,01,16:05:14
771,3319,556,1,05,29,13:08:06,06,06,08:19:06
772,245,563,1,05,29,13:18:05,06,07,17:22:05
773,1188,575,1,05,29,13:19:43,06,01,18:51:43
774,1197,124,2,05,29,13:23:26,05,30,07:53:26
775,4339,113,1,05,29,13:35:35,06,03,17:33:35
776,451,360,2,05,29,14:07:58,06,03,08:41:58
777,1816,535,1,05,29,14:09:53,06,05,20:05:53
778,533,105,1,05,29,14:17:17,06,06,16:46:17
779,1919,300,1,05,29,14:18:32,06,06,20:14:32
780,88,313,1,05,29,14:23:58,05,30,17:44:58
781,2255,596,2,05,29,14:38:57,06,02,13:18:57
782,3046,53,2,05,29,14:41:18,06,06,10:39:18
783,2936,352,2,05,29,14:44:22,06,01,17:28:22
784,39,72,1,05,29,15:08:41,05,30,15:51:41
785,2637,439,2,05,29,15:17:28,06,07,10:07:28
786,3919,27,2,05,29,16:03:03,06,07,11:07:03
787,763,562,1,05,29,16:13:55,05,31,16:40:55
788,708,553,1,05,29,16:17:07,06,06,18:15:07
789,2858,593,2,05,29,16:19:29,06,02,17:22:29
790,1554,284,1,05,29,16:30:42,06,01,19:11:42
791,2841,261,1,05,29,16:32:10,05,31,18:01:10
792,379,528,2,05,29,16:44:08,06,06,19:21:08
793,1995,50,1,05,29,16:44:11,06,05,16:11:11
794,609,551,2,05,29,16:57:39,06,01,11:33:39
795,2697,26,2,05,29,16:59:44,06,03,16:22:44
796,1446,244,1,05,29,17:12:17,06,03,16:06:17
797,1102,134,2,05,29,17:23:43,06,01,13:06:43
798,1713,429,1,05,29,17:24:48,06,05,12:25:48
799,441,472,1,05,29,17:28:12,05,30,14:59:12
800,1642,402,2,05,29,17:35:50,06,04,17:05:50
801,785,350,2,05,29,17:38:59,05,31,22:42:59
802,1602,32,2,05,29,17:52:30,05,30,14:35:30
803,3909,171,1,05,29,18:10:24,06,06,22:53:24
804,3132,232,2,05,29,18:18:18,06,07,15:11:18
805,2386,435,2,05,29,18:31:30,05,31,00:18:30
806,2195,235,2,05,29,18:50:50,06,03,18:36:50
807,1928,104,2,05,29,19:08:20,06,06,20:32:20
808,2114,222,2,05,29,19:10:20,06,05,19:05:20
809,2533,346,2,05,29,19:12:04,06,04,21:12:04
810,4419,401,2,05,29,19:30:42,06,02,16:19:42
811,1099,225,2,05,29,20:00:30,05,30,19:43:30
812,4554,344,1,05,29,20:14:34,06,05,20:56:34
813,1572,134,1,05,29,20:16:12,06,07,17:47:12
814,3757,14,1,05,29,20:24:28,06,03,15:32:28
815,630,474,2,05,29,20:26:39,06,06,22:31:39
816,186,554,1,05,29,20:39:14,05,31,18:24:14
817,4106,321,2,05,29,20:47:53,06,02,23:18:53
818,623,511,2,05,29,21:00:32,06,02,15:15:32
819,2584,22,2,05,29,21:07:22,06,07,00:22:22
820,3380,348,1,05,29,21:31:12,06,04,22:49:12
821,2634,480,1,05,29,21:36:00,06,07,17:24:00
822,3249,441,1,05,29,21:39:37,05,30,22:06:37
823,3518,357,1,05,29,21:45:32,05,31,19:01:32
824,712,371,2,05,29,21:49:41,06,04,20:27:41
825,2263,207,1,05,29,21:56:15,06,08,03:18:15
826,62,573,1,05,29,21:58:43,06,06,00:54:43
827,2468,217,1,05,29,22:14:55,05,30,17:22:55
828,1684,371,1,05,29,22:16:42,06,06,01:38:42
829,3464,3,1,05,29,22:43:55,06,01,17:43:55
830,3912,509,1,05,29,22:50:25,06,06,02:27:25
831,1381,159,2,05,29,22:51:20,06,07,17:37:20
832,2898,417,1,05,29,23:21:56,06,02,18:40:56
833,3628,84,2,05,29,23:24:30,05,30,22:00:30
834,299,381,1,05,29,23:37:00,06,02,23:38:00
835,3140,368,2,05,29,23:56:42,05,31,04:11:42
836,977,172,2,05,30,00:02:08,06,02,05:31:08
837,2859,504,2,05,30,00:27:57,06,06,22:19:57
838,1886,337,1,05,30,00:28:12,06,08,02:43:12
839,4049,79,2,05,30,00:28:41,05,31,20:39:41
840,4318,387,1,05,30,00:31:17,06,02,19:14:17
841,2328,238,1,05,30,00:32:04,06,01,02:21:04
842,2214,313,2,05,30,00:44:24,05,31,00:58:24
843,536,429,1,05,30,00:58:20,06,01,00:38:20
844,2001,72,1,05,30,01:17:25,06,07,02:00:25
845,938,49,2,05,30,01:17:45,06,01,00:56:45
846,4387,380,2,05,30,01:18:15,06,06,20:20:15
847,1363,436,1,05,30,01:19:53,06,05,23:40:53
848,2424,449,1,05,30,01:23:07,06,07,01:50:07
849,2390,517,1,05,30,01:35:12,05,31,01:51:12
850,2780,530,1,05,30,01:35:15,06,06,07:27:15
851,1622,549,1,05,30,01:36:57,06,01,22:44:57
852,3693,122,1,05,30,01:43:31,06,01,02:05:31
853,921,369,2,05,30,01:56:11,06,01,06:34:11
854,2527,406,2,05,30,02:00:28,06,03,20:16:28
855,3969,53,1,05,30,02:01:21,06,07,03:25:21
856,2569,204,2,05,30,02:01:23,06,02,06:07:23
857,1258,358,1,05,30,02:10:32,06,01,04:42:32
858,3032,79,2,05,30,02:36:20,06,02,07:49:20
859,578,276,1,05,30,02:45:16,06,08,07:28:16
860,3711,502,1,05,30,02:48:32,06,06,05:43:32
861,1186,328,1,05,30,03:09:11,06,03,21:27:11
862,3999,379,2,05,30,03:14:59,06,05,04:34:59
863,2777,544,1,05,30,03:27:17,06,06,08:28:17
864,3183,154,2,05,30,03:39:44,06,07,08:10:44
865,2867,8,1,05,30,03:43:54,06,08,04:28:54
866,3389,99,1,05,30,03:54:43,06,01,22:59:43
867,3604,28,1,05,30,04:19:55,05,31,02:28:55
868,3399,296,2,05,30,04:22:06,06,03,09:18:06
869,2903,391,1,05,30,04:25:47,06,06,04:32:47
870,4573,303,2,05,30,05:01:30,06,04,06:22:30
871,3904,548,1,05,30,05:03:04,06,06,10:35:04
872,4568,375,2,05,30,05:15:20,06,07,00:49:20
873,363,52,1,05,30,05:36:21,06,01,09:32:21
874,1428,326,2,05,30,05:38:24,06,06,00:34:24
875,1471,339,2,05,30,05:41:22,06,07,09:06:22
876,886,9,1,05,30,05:48:59,06,02,09:30:59
877,4265,323,1,05,30,05:49:13,06,07,04:35:13
878,4021,482,2,05,30,05:49:42,06,05,01:45:42
879,1819,460,2,05,30,06:12:33,06,02,04:35:33
880,602,242,1,05,30,06:15:36,06,02,10:21:36
881,3841,477,1,05,30,06:16:06,06,02,11:57:06
882,2271,399,2,05,30,06:21:05,06,07,04:50:05
883,4079,17,1,05,30,06:41:32,05,31,07:39:32
884,646,62,2,05,30,06:54:28,06,03,07:03:28
885,4356,393,2,05,30,06:54:51,06,01,06:04:51
886,2727,16,2,05,30,07:10:00,06,01,06:48:00
887,387,128,1,05,30,07:13:14,06,06,09:50:14
888,1299,114,2,05,30,07:14:53,05,31,07:56:53
889,1464,349,1,05,30,07:43:04,06,01,11:26:04
890,2611,391,1,05,30,07:43:12,06,08,09:21:12
891,471,274,1,05,30,08:02:56,06,05,12:51:56
892,3260,502,2,05,30,08:06:59,06,07,08:23:59
893,1118,400,1,05,30,08:31:31,06,07,12:39:31
894,2744,192,1,05,30,08:50:43,06,05,10:58:43
895,2817,207,2,05,30,09:03:52,06,05,07:37:52
896,1334,432,1,05,30,09:10:01,06,08,03:43:01
897,3497,384,2,05,30,09:26:19,06,01,10:45:19
898,1096,156,2,05,30,09:29:30,06,06,12:39:30
899,3543,586,1,05,30,09:38:41,06,07,11:54:41
900,760,259,1,05,30,09:40:40,06,02,10:32:40
901,1514,561,1,05,30,09:53:36,06,07,12:10:36
902,2423,197,1,05,30,10:11:29,06,03,09:33:29
903,2466,44,2,05,30,10:19:42,06,05,04:58:42
904,4372,50,1,05,30,10:25:00,06,06,06:23:00
905,1862,549,2,05,30,10:30:38,06,07,06:44:38
906,3320,506,1,05,30,10:37:27,06,02,09:51:27
907,4427,85,1,05,30,10:38:37,06,03,09:56:37
908,3775,486,1,05,30,10:43:38,06,08,12:07:38
909,2601,374,1,05,30,10:46:16,06,04,13:32:16
910,1404,366,2,05,30,10:50:22,06,07,12:26:22
911,3200,390,2,05,30,10:58:33,05,31,09:31:33
912,3213,369,2,05,30,11:04:58,06,07,13:22:58
913,1393,596,2,05,30,11:06:00,06,04,06:07:00
914,1859,115,1,05,30,11:20:27,06,02,11:55:27
915,1290,6,1,05,30,11:25:01,05,31,09:06:01
916,3629,385,1,05,30,11:27:06,06,02,08:31:06
917,818,197,2,05,30,11:32:24,05,31,07:55:24
918,4052,374,2,05,30,11:35:06,06,02,13:16:06
919,3860,584,2,05,30,11:44:01,06,02,08:19:01
920,1827,508,2,05,30,11:53:09,06,03,10:00:09
921,2442,550,2,05,30,11:55:55,06,08,10:12:55
922,1884,37,1,05,30,11:58:50,06,05,09:57:50
923,3279,293,1,05,30,12:10:59,06,04,17:28:59
924,3203,137,2,05,30,12:13:52,06,02,14:41:52
925,4327,76,2,05,30,12:15:54,06,01,08:53:54
926,1158,167,2,05,30,12:16:40,05,31,16:20:40
927,246,79,2,05,30,12:27:14,06,05,13:56:14
928,4296,536,1,05,30,12:32:39,06,06,12:17:39
929,2835,141,2,05,30,12:44:57,06,04,10:53:57
930,3384,421,1,05,30,12:53:01,05,31,14:28:01
931,719,198,2,05,30,12:55:36,05,31,10:30:36
932,3672,66,1,05,30,13:08:45,06,01,18:56:45
933,3595,60,2,05,30,13:24:46,06,08,16:44:46
934,2421,256,1,05,30,13:29:36,06,02,11:08:36
935,901,469,1,05,30,13:52:49,06,07,16:56:49
936,1054,304,2,05,30,14:47:31,06,05,09:53:31
937,1521,46,2,05,30,14:47:31,06,04,10:10:31
938,1314,367,1,05,30,14:49:34,06,01,19:00:34
939,1278,534,1,05,30,15:01:02,06,01,18:26:02
940,3630,562,1,05,30,15:02:25,06,01,17:19:25
941,4279,473,2,05,30,15:05:47,06,08,15:59:47
942,3737,57,1,05,30,15:20:19,06,06,18:53:19
943,151,131,2,05,30,15:26:24,06,07,18:09:24
944,1441,357,2,05,30,15:33:17,06,02,15:02:17
945,1264,486,1,05,30,15:35:08,06,08,11:38:08
946,4478,62,1,05,30,15:36:57,06,04,18:48:57
947,585,245,2,05,30,15:44:27,06,08,17:30:27
948,2202,368,1,05,30,15:50:39,06,03,14:25:39
949,491,83,1,05,30,16:06:08,06,01,11:43:08
950,1395,59,2,05,30,16:10:35,05,31,19:01:35
951,4389,311,2,05,30,16:28:07,06,02,16:12:07
952,2194,210,1,05,30,16:34:02,05,31,20:34:02
953,1231,297,2,05,30,16:57:29,06,08,13:30:29
954,4140,301,2,05,30,16:59:03,05,31,11:58:03
955,647,296,2,05,30,17:30:28,06,07,13:54:28
956,4428,440,2,05,30,17:53:29,06,03,15:31:29
957,548,186,2,05,30,17:58:03,06,01,19:17:03
958,3108,535,2,05,30,18:07:00,06,02,14:37:00
959,1966,445,2,05,30,18:13:23,06,04,00:12:23
960,3293,588,2,05,30,18:16:44,06,04,23:40:44
961,4535,520,1,05,30,18:45:17,06,05,22:47:17
962,1921,225,2,05,30,18:52:53,06,07,16:19:53
963,657,287,2,05,30,18:53:21,06,04,22:32:21
964,3363,502,2,05,30,19:00:14,05,31,17:10:14
965,1294,496,1,05,30,19:00:37,05,31,23:51:37
966,1954,330,2,05,30,19:12:06,06,09,00:02:06
967,119,576,2,05,30,19:20:03,05,31,18:17:03
968,443,551,1,05,30,19:23:48,05,31,21:14:48
969,1520,307,1,05,30,19:50:28,06,09,01:19:28
970,2911,561,1,05,30,20:10:52,06,06,20:47:52
971,2,411,1,05,30,20:21:07,06,06,00:36:07
972,1914,473,2,05,30,20:27:45,06,08,22:47:45
973,2617,596,2,05,30,20:28:42,06,08,23:45:42
974,3109,7,2,05,30,21:07:15,06,03,01:48:15
975,2290,581,2,05,30,21:11:19,06,06,02:16:19
976,2029,394,2,05,30,21:22:26,06,04,22:32:26
977,407,154,1,05,30,21:30:52,06,07,16:22:52
978,3917,279,2,05,30,21:37:11,06,08,00:24:11
979,4169,273,1,05,30,21:45:19,06,01,20:32:19
980,2913,326,2,05,30,21:52:42,06,01,03:15:42
981,3560,524,1,05,30,22:15:24,06,02,16:18:24
982,63,115,1,05,30,22:15:51,06,02,22:56:51
983,2305,262,2,05,30,22:17:17,06,01,20:15:17
984,1573,564,1,05,30,22:18:35,06,04,23:36:35
985,4045,253,1,05,30,22:22:52,06,01,02:24:52
986,390,11,1,05,30,22:59:12,06,07,20:56:12
987,1364,12,1,05,30,23:08:03,06,07,00:22:03
988,4388,83,2,05,30,23:11:51,06,03,20:36:51
989,4171,311,2,05,30,23:25:14,06,06,18:41:14
990,2863,593,1,05,30,23:29:22,06,07,23:16:22
991,3572,123,1,05,30,23:47:56,06,05,19:01:56
992,2080,513,1,05,30,23:54:19,06,04,21:27:19
993,2798,472,2,05,30,23:55:36,06,04,01:00:36
994,17,150,2,05,31,00:06:02,06,06,02:30:02
995,2075,331,2,05,31,00:06:20,05,31,21:29:20
996,4243,216,2,05,31,00:08:25,06,02,00:17:25
997,3395,389,1,05,31,00:16:57,06,01,22:41:57
998,4433,413,2,05,31,00:25:10,06,03,06:05:10
999,1774,332,2,05,31,00:25:56,06,08,19:42:56
1000,1498,64,2,05,31,00:46:31,06,06,06:14:31
